{"cameraMode":{"drawMode":0,"name":"Shaded","section":"Shading Mode"},"sceneLighting":true,"audioPlay":false,"sceneViewState":{"m_AlwaysRefresh":false,"showFog":true,"showSkybox":true,"showFlares":true,"showImageEffects":true,"showParticleSystems":true,"showVisualEffectGraphs":true,"m_FxEnabled":true},"in2DMode":false,"pivot":{"x":369.4253845214844,"y":34.40391540527344,"z":150.68609619140626},"rotation":{"x":-0.25131022930145266,"y":-0.34387385845184328,"z":0.09606436640024185,"w":-0.8996611833572388},"size":1.6199753284454346,"orthographic":false}